{
    "JOINED_LTC_LOOKUP": [
        "QOF_PCD_REFSET",
        "PCD_REFSET",
        "QOF_DRUG_REFSET",
        "LTC_LCS_LOOKUPTABLE",
        "PRIMIS_CODES"
    ],
    "ICB_CF_DM_61": [
        "JOINED_LTC_LOOKUP",
        "PH_D_PERSON",
        "QOF_PCD_REFSET",
        "PCD_REFSET",
        "PH_D_PERSON_ADDRESS",
        "PH_F_CONDITION",
        "LTC_QRISK",
        "PH_F_RESULT",
        "POPHEALTH_QOF_LTCS_LIST",
        "QOF_DRUG_REFSET",
        "LTC_LCS_LOOKUPTABLE",
        "LTC_LCS_BASE",
        "NCL_MASTER_DEMOGRAPHICS",
        "PRIMIS_CODES"
    ],
    "ICS_DM_21_NUMERATOR": [
        "PH_D_PERSON",
        "PH_D_PERSON_ADDRESS",
        "PERSON_DEMOG",
        "PH_F_CONDITION",
        "ICS_DM_21_DENOMINATOR",
        "PH_F_RESULT",
        "LTC_LCS_BASE",
        "CERN_PERSON_DEMOG",
        "TEST",
        "LTC_LCS_VARIABLES",
        "NCL_MASTER_DEMOGRAPHICS"
    ],
    "ICS_CKD_21_NUMERATOR": [
        "PH_F_RESULT",
        "POPHEALTH_QOF_LTCS_LIST"
    ],
    "ICB_CF_CVD_61": [
        "JOINED_LTC_LOOKUP",
        "LTC_LCS_BASE",
        "LTC_LCS_LOOKUPTABLE",
        "ICB_CF_CVD_61_BASE",
        "QOF_PCD_REFSET",
        "HEALTH_CHECK_COMP_IN_24",
        "NCL_CODES",
        "ASTHMA_CHILD",
        "PH_D_PERSON",
        "ASTHMA_ADULT",
        "PH_F_RESULT",
        "POPHEALTH_QOF_LTCS_LIST",
        "CERNER_MEDICATION_JOINED_TABLE",
        "QOF_DRUG_REFSET",
        "NCL_MASTER_DEMOGRAPHICS",
        "PRIMIS_CODES",
        "PCD_REFSET",
        "PH_F_CONDITION",
        "TEST",
        "PH_D_PERSON_ADDRESS",
        "ICS_LTC_01"
    ],
    "ICB_CF_CKD_62": [
        "JOINED_LTC_LOOKUP",
        "LTC_LCS_BASE",
        "LTC_LCS_LOOKUPTABLE",
        "QOF_PCD_REFSET",
        "ASTHMA_CHILD",
        "PH_D_PERSON",
        "ASTHMA_ADULT",
        "PH_F_RESULT",
        "POPHEALTH_QOF_LTCS_LIST",
        "CERNER_MEDICATION_JOINED_TABLE",
        "QOF_DRUG_REFSET",
        "NCL_MASTER_DEMOGRAPHICS",
        "PRIMIS_CODES",
        "PCD_REFSET",
        "PH_F_CONDITION",
        "TEST",
        "PH_D_PERSON_ADDRESS",
        "ICS_LTC_01"
    ],
    "HEALTH_CHECK_COMP_IN_24": [
        "JOINED_LTC_LOOKUP",
        "QOF_PCD_REFSET",
        "PCD_REFSET",
        "QOF_DRUG_REFSET",
        "LTC_LCS_LOOKUPTABLE",
        "NCL_CODES",
        "PRIMIS_CODES"
    ],
    "ICB_CF_CVD_66": [
        "JOINED_LTC_LOOKUP",
        "LTC_LCS_BASE",
        "LTC_LCS_LOOKUPTABLE",
        "QOF_PCD_REFSET",
        "HEALTH_CHECK_COMP_IN_24",
        "NCL_CODES",
        "ASTHMA_CHILD",
        "PH_D_PERSON",
        "ASTHMA_ADULT",
        "POPHEALTH_QOF_LTCS_LIST",
        "CERNER_MEDICATION_JOINED_TABLE",
        "PH_F_RESULT",
        "QOF_DRUG_REFSET",
        "NCL_MASTER_DEMOGRAPHICS",
        "PRIMIS_CODES",
        "ICB_CF_CVD_66_BASE",
        "PCD_REFSET",
        "PH_F_CONDITION",
        "TEST",
        "PH_D_PERSON_ADDRESS",
        "ICS_LTC_01"
    ],
    "ICB_CF_CVD_63": [
        "JOINED_LTC_LOOKUP",
        "LTC_LCS_BASE",
        "LTC_LCS_LOOKUPTABLE",
        "QOF_PCD_REFSET",
        "ICB_CF_CVD_63_BASE",
        "NCL_CODES",
        "ASTHMA_CHILD",
        "PH_D_PERSON",
        "ASTHMA_ADULT",
        "PH_F_RESULT",
        "POPHEALTH_QOF_LTCS_LIST",
        "CERNER_MEDICATION_JOINED_TABLE",
        "QOF_DRUG_REFSET",
        "NCL_MASTER_DEMOGRAPHICS",
        "PRIMIS_CODES",
        "PCD_REFSET",
        "PH_F_CONDITION",
        "TEST",
        "PH_D_PERSON_ADDRESS",
        "ICS_LTC_01"
    ],
    "ICB_CF_DM_65": [
        "JOINED_LTC_LOOKUP",
        "LTC_LCS_BASE",
        "LTC_LCS_LOOKUPTABLE",
        "QOF_PCD_REFSET",
        "HEALTH_CHECK_COMP_IN_24",
        "NCL_CODES",
        "ASTHMA_CHILD",
        "PH_D_PERSON",
        "ASTHMA_ADULT",
        "POPHEALTH_QOF_LTCS_LIST",
        "PH_F_RESULT",
        "CERNER_MEDICATION_JOINED_TABLE",
        "QOF_DRUG_REFSET",
        "NCL_MASTER_DEMOGRAPHICS",
        "PRIMIS_CODES",
        "PCD_REFSET",
        "PH_F_CONDITION",
        "TEST",
        "PH_D_PERSON_ADDRESS",
        "ICS_LTC_01",
        "ICB_CF_DM_64"
    ],
    "LTC_PROTOTYPE": [
        "PERSON_DEMOG",
        "PH_F_CONDITION",
        "PH_F_RESULT",
        "POPHEALTH_QOF_LTCS_LIST",
        "CERN_PERSON_DEMOG",
        "TEST"
    ],
    "LTC_PROTOTYPE_INDICATOR": [
        "PERSON_DEMOG",
        "PH_F_CONDITION",
        "PH_F_RESULT",
        "POPHEALTH_QOF_LTCS_LIST",
        "LTC_PROTOTYPE",
        "CERN_PERSON_DEMOG",
        "TEST"
    ],
    "ICB_LTC_CF_INDICATORS": [
        "ICB_CF_DM_65",
        "ICB_CF_CKD_62",
        "ICB_CF_DM_62",
        "JOINED_LTC_LOOKUP",
        "ICB_CF_CYP_AST_61",
        "LTC_LCS_BASE",
        "LTC_LCS_LOOKUPTABLE",
        "ICB_CF_DM_61",
        "ICB_CF_CKD_64_BASE",
        "PH_F_QUESTIONNAIRE_QUESTION",
        "ICB_CF_CVD_61_BASE",
        "QOF_PCD_REFSET",
        "ICB_NHS_HEALTH_CHECK_FLAG",
        "ICB_CF_CVD_63_BASE",
        "ICB_CF_HTN_62_GP_2A",
        "ICB_CF_CKD_61",
        "PH_F_PROCEDURE",
        "PH_F_QUESTIONNAIRE_ANSWER",
        "ICB_CF_CVD_65",
        "HEALTH_CHECK_COMP_IN_24",
        "CHRONIC_KIDNEY_DISEASE",
        "NCL_CODES",
        "ICB_CF_HTN_61_BASE",
        "ASTHMA_CHILD",
        "ICB_CF_CKD_64",
        "ICB_CF_CVD_63",
        "ICB_CF_HTN_65_GP_3A",
        "PH_D_PERSON",
        "POPHEALTH_LTCS_LIST",
        "ASTHMA_ADULT",
        "ICB_CF_CVD_64",
        "LTC_QRISK",
        "ICB_CF_CVD_62",
        "POPHEALTH_QOF_LTCS_LIST",
        "PH_F_RESULT",
        "CERNER_MEDICATION_JOINED_TABLE",
        "ICB_CF_HTN_61",
        "QOF_DRUG_REFSET",
        "ICB_CF_HTN_61_GP_1",
        "ICB_CF_HTN_63_GP_2B",
        "ICB_CF_CVD_66",
        "LTC_LCS_VARIABLES",
        "ICB_CF_CKD_63",
        "NCL_MASTER_DEMOGRAPHICS",
        "PRIMIS_CODES",
        "ICB_CF_HTN_66_GP_3B",
        "ICB_CF_DM_63",
        "ICB_CF_CVD_66_BASE",
        "ICB_CF_AF_61",
        "ICB_CF_CVD_61",
        "ICB_CF_AF_62",
        "PCD_REFSET",
        "PH_F_CONDITION",
        "ICB_CF_DM_66",
        "POPHEALTH_QOF_LTCS_SUMMARY",
        "TEST",
        "PH_D_PERSON_ADDRESS",
        "ICS_LTC_01",
        "ICB_CF_DM_64"
    ],
    "ICB_CF_CKD_63": [
        "ICB_CF_CKD_62",
        "JOINED_LTC_LOOKUP",
        "LTC_LCS_BASE",
        "LTC_LCS_LOOKUPTABLE",
        "QOF_PCD_REFSET",
        "ASTHMA_CHILD",
        "PH_D_PERSON",
        "ASTHMA_ADULT",
        "PH_F_RESULT",
        "POPHEALTH_QOF_LTCS_LIST",
        "CERNER_MEDICATION_JOINED_TABLE",
        "QOF_DRUG_REFSET",
        "NCL_MASTER_DEMOGRAPHICS",
        "PRIMIS_CODES",
        "PCD_REFSET",
        "PH_F_CONDITION",
        "TEST",
        "PH_D_PERSON_ADDRESS",
        "ICS_LTC_01"
    ],
    "ICB_CF_HTN_61_BASE": [
        "JOINED_LTC_LOOKUP",
        "LTC_LCS_BASE",
        "LTC_LCS_LOOKUPTABLE",
        "QOF_PCD_REFSET",
        "HEALTH_CHECK_COMP_IN_24",
        "NCL_CODES",
        "ASTHMA_CHILD",
        "PH_D_PERSON",
        "ASTHMA_ADULT",
        "POPHEALTH_QOF_LTCS_LIST",
        "PH_F_RESULT",
        "CERNER_MEDICATION_JOINED_TABLE",
        "QOF_DRUG_REFSET",
        "NCL_MASTER_DEMOGRAPHICS",
        "PRIMIS_CODES",
        "PCD_REFSET",
        "PH_F_CONDITION",
        "TEST",
        "PH_D_PERSON_ADDRESS",
        "ICS_LTC_01"
    ],
    "ICB_CF_CVD_61_BASE": [
        "JOINED_LTC_LOOKUP",
        "LTC_LCS_BASE",
        "LTC_LCS_LOOKUPTABLE",
        "QOF_PCD_REFSET",
        "HEALTH_CHECK_COMP_IN_24",
        "NCL_CODES",
        "ASTHMA_CHILD",
        "PH_D_PERSON",
        "ASTHMA_ADULT",
        "POPHEALTH_QOF_LTCS_LIST",
        "CERNER_MEDICATION_JOINED_TABLE",
        "PH_F_RESULT",
        "QOF_DRUG_REFSET",
        "NCL_MASTER_DEMOGRAPHICS",
        "PRIMIS_CODES",
        "PCD_REFSET",
        "PH_F_CONDITION",
        "TEST",
        "PH_D_PERSON_ADDRESS",
        "ICS_LTC_01"
    ],
    "ICB_CF_CVD_65": [
        "JOINED_LTC_LOOKUP",
        "LTC_LCS_BASE",
        "LTC_LCS_LOOKUPTABLE",
        "QOF_PCD_REFSET",
        "ICB_CF_CVD_63_BASE",
        "NCL_CODES",
        "ASTHMA_CHILD",
        "ICB_CF_CVD_63",
        "PH_D_PERSON",
        "ASTHMA_ADULT",
        "PH_F_RESULT",
        "POPHEALTH_QOF_LTCS_LIST",
        "CERNER_MEDICATION_JOINED_TABLE",
        "QOF_DRUG_REFSET",
        "NCL_MASTER_DEMOGRAPHICS",
        "PRIMIS_CODES",
        "PCD_REFSET",
        "PH_F_CONDITION",
        "TEST",
        "PH_D_PERSON_ADDRESS",
        "ICS_LTC_01"
    ],
    "ASTHMA_ADULT": [
        "JOINED_LTC_LOOKUP",
        "QOF_PCD_REFSET",
        "PCD_REFSET",
        "PH_F_CONDITION",
        "PH_F_RESULT",
        "CERNER_MEDICATION_JOINED_TABLE",
        "QOF_DRUG_REFSET",
        "LTC_LCS_LOOKUPTABLE",
        "TEST",
        "NCL_MASTER_DEMOGRAPHICS",
        "PRIMIS_CODES"
    ],
    "ICB_LTC_CF_TIME_SERIES": [
        "ICB_CF_DM_65",
        "ICB_CF_CKD_62",
        "ICB_CF_DM_62",
        "JOINED_LTC_LOOKUP",
        "ICB_CF_CYP_AST_61",
        "LTC_LCS_BASE",
        "LTC_LCS_LOOKUPTABLE",
        "ICB_CF_DM_61",
        "ICB_CF_CKD_64_BASE",
        "PH_F_QUESTIONNAIRE_QUESTION",
        "ICB_CF_CVD_61_BASE",
        "QOF_PCD_REFSET",
        "ICB_NHS_HEALTH_CHECK_FLAG",
        "ICB_CF_CVD_63_BASE",
        "ICB_CF_HTN_62_GP_2A",
        "ICB_CF_CKD_61",
        "PH_F_PROCEDURE",
        "PH_F_QUESTIONNAIRE_ANSWER",
        "ICB_CF_CVD_65",
        "HEALTH_CHECK_COMP_IN_24",
        "CHRONIC_KIDNEY_DISEASE",
        "NCL_CODES",
        "ICB_CF_HTN_61_BASE",
        "ASTHMA_CHILD",
        "ICB_CF_CKD_64",
        "ICB_CF_CVD_63",
        "ICB_CF_HTN_65_GP_3A",
        "PH_D_PERSON",
        "POPHEALTH_LTCS_LIST",
        "ASTHMA_ADULT",
        "ICB_CF_CVD_64",
        "LTC_QRISK",
        "ICB_CF_CVD_62",
        "POPHEALTH_QOF_LTCS_LIST",
        "PH_F_RESULT",
        "CERNER_MEDICATION_JOINED_TABLE",
        "QOF_DRUG_REFSET",
        "ICB_CF_HTN_61",
        "ICB_CF_HTN_61_GP_1",
        "ICB_CF_HTN_63_GP_2B",
        "ICB_CF_CVD_66",
        "LTC_LCS_VARIABLES",
        "ICB_CF_CKD_63",
        "NCL_MASTER_DEMOGRAPHICS",
        "PRIMIS_CODES",
        "ICB_CF_HTN_66_GP_3B",
        "ICB_CF_DM_63",
        "ICB_CF_CVD_66_BASE",
        "ICB_CF_AF_61",
        "ICB_CF_CVD_61",
        "ICB_CF_AF_62",
        "PCD_REFSET",
        "PH_F_CONDITION",
        "ICB_CF_DM_66",
        "POPHEALTH_QOF_LTCS_SUMMARY",
        "TEST",
        "PH_D_PERSON_ADDRESS",
        "ICS_LTC_01",
        "ICB_CF_DM_64"
    ],
    "LTC_QRISK": [
        "PH_F_RESULT"
    ],
    "ICB_CF_AF_61": [
        "JOINED_LTC_LOOKUP",
        "LTC_LCS_BASE",
        "LTC_LCS_LOOKUPTABLE",
        "QOF_PCD_REFSET",
        "PH_F_PROCEDURE",
        "HEALTH_CHECK_COMP_IN_24",
        "NCL_CODES",
        "ASTHMA_CHILD",
        "PH_D_PERSON",
        "POPHEALTH_LTCS_LIST",
        "ASTHMA_ADULT",
        "PH_F_RESULT",
        "CERNER_MEDICATION_JOINED_TABLE",
        "POPHEALTH_QOF_LTCS_LIST",
        "QOF_DRUG_REFSET",
        "NCL_MASTER_DEMOGRAPHICS",
        "PRIMIS_CODES",
        "PCD_REFSET",
        "PH_F_CONDITION",
        "TEST",
        "PH_D_PERSON_ADDRESS",
        "ICS_LTC_01"
    ],
    "ICB_CF_CKD_61": [
        "JOINED_LTC_LOOKUP",
        "LTC_LCS_BASE",
        "LTC_LCS_LOOKUPTABLE",
        "QOF_PCD_REFSET",
        "ASTHMA_CHILD",
        "PH_D_PERSON",
        "ASTHMA_ADULT",
        "PH_F_RESULT",
        "POPHEALTH_QOF_LTCS_LIST",
        "CERNER_MEDICATION_JOINED_TABLE",
        "QOF_DRUG_REFSET",
        "NCL_MASTER_DEMOGRAPHICS",
        "PRIMIS_CODES",
        "PCD_REFSET",
        "PH_F_CONDITION",
        "TEST",
        "PH_D_PERSON_ADDRESS",
        "ICS_LTC_01"
    ],
    "ICB_CF_CKD_64": [
        "JOINED_LTC_LOOKUP",
        "ICB_CF_CKD_64_BASE",
        "LTC_LCS_LOOKUPTABLE",
        "LTC_LCS_BASE",
        "QOF_PCD_REFSET",
        "PH_F_PROCEDURE",
        "ASTHMA_CHILD",
        "PH_D_PERSON",
        "ASTHMA_ADULT",
        "PH_F_RESULT",
        "CERNER_MEDICATION_JOINED_TABLE",
        "POPHEALTH_QOF_LTCS_LIST",
        "QOF_DRUG_REFSET",
        "NCL_MASTER_DEMOGRAPHICS",
        "PRIMIS_CODES",
        "PCD_REFSET",
        "PH_F_CONDITION",
        "TEST",
        "PH_D_PERSON_ADDRESS",
        "ICS_LTC_01"
    ],
    "ICB_CF_CVD_62": [
        "JOINED_LTC_LOOKUP",
        "LTC_LCS_BASE",
        "LTC_LCS_LOOKUPTABLE",
        "ICB_CF_CVD_61_BASE",
        "QOF_PCD_REFSET",
        "HEALTH_CHECK_COMP_IN_24",
        "NCL_CODES",
        "ASTHMA_CHILD",
        "PH_D_PERSON",
        "ASTHMA_ADULT",
        "PH_F_RESULT",
        "POPHEALTH_QOF_LTCS_LIST",
        "CERNER_MEDICATION_JOINED_TABLE",
        "QOF_DRUG_REFSET",
        "NCL_MASTER_DEMOGRAPHICS",
        "PRIMIS_CODES",
        "ICB_CF_CVD_61",
        "PCD_REFSET",
        "PH_F_CONDITION",
        "TEST",
        "PH_D_PERSON_ADDRESS",
        "ICS_LTC_01"
    ],
    "ICB_CF_DM_63": [
        "JOINED_LTC_LOOKUP",
        "LTC_LCS_BASE",
        "LTC_LCS_LOOKUPTABLE",
        "QOF_PCD_REFSET",
        "HEALTH_CHECK_COMP_IN_24",
        "NCL_CODES",
        "ASTHMA_CHILD",
        "PH_D_PERSON",
        "ASTHMA_ADULT",
        "PH_F_RESULT",
        "POPHEALTH_QOF_LTCS_LIST",
        "CERNER_MEDICATION_JOINED_TABLE",
        "QOF_DRUG_REFSET",
        "NCL_MASTER_DEMOGRAPHICS",
        "PRIMIS_CODES",
        "PCD_REFSET",
        "PH_F_CONDITION",
        "TEST",
        "PH_D_PERSON_ADDRESS",
        "ICS_LTC_01"
    ],
    "ICB_CF_DM_62": [
        "JOINED_LTC_LOOKUP",
        "LTC_LCS_BASE",
        "LTC_LCS_LOOKUPTABLE",
        "QOF_PCD_REFSET",
        "HEALTH_CHECK_COMP_IN_24",
        "NCL_CODES",
        "ASTHMA_CHILD",
        "PH_D_PERSON",
        "ASTHMA_ADULT",
        "PH_F_RESULT",
        "POPHEALTH_QOF_LTCS_LIST",
        "CERNER_MEDICATION_JOINED_TABLE",
        "QOF_DRUG_REFSET",
        "NCL_MASTER_DEMOGRAPHICS",
        "PRIMIS_CODES",
        "PCD_REFSET",
        "PH_F_CONDITION",
        "TEST",
        "PH_D_PERSON_ADDRESS",
        "ICS_LTC_01"
    ],
    "LTC_LCS_BASE": [
        "PH_D_PERSON_ADDRESS",
        "NCL_MASTER_DEMOGRAPHICS",
        "PH_D_PERSON"
    ],
    "ICS_LTC_01": [
        "JOINED_LTC_LOOKUP",
        "QOF_PCD_REFSET",
        "PCD_REFSET",
        "ASTHMA_ADULT",
        "PH_F_CONDITION",
        "PH_F_RESULT",
        "CERNER_MEDICATION_JOINED_TABLE",
        "POPHEALTH_QOF_LTCS_LIST",
        "QOF_DRUG_REFSET",
        "ASTHMA_CHILD",
        "LTC_LCS_LOOKUPTABLE",
        "TEST",
        "NCL_MASTER_DEMOGRAPHICS",
        "PRIMIS_CODES"
    ],
    "ICS_DM_21_DENOMINATOR": [
        "PH_D_PERSON",
        "PH_D_PERSON_ADDRESS",
        "PH_F_CONDITION",
        "LTC_LCS_BASE",
        "NCL_MASTER_DEMOGRAPHICS"
    ],
    "ICB_CF_CKD_64_BASE": [
        "JOINED_LTC_LOOKUP",
        "LTC_LCS_LOOKUPTABLE",
        "LTC_LCS_BASE",
        "QOF_PCD_REFSET",
        "ASTHMA_CHILD",
        "PH_D_PERSON",
        "ASTHMA_ADULT",
        "PH_F_RESULT",
        "POPHEALTH_QOF_LTCS_LIST",
        "CERNER_MEDICATION_JOINED_TABLE",
        "QOF_DRUG_REFSET",
        "NCL_MASTER_DEMOGRAPHICS",
        "PRIMIS_CODES",
        "PCD_REFSET",
        "PH_F_CONDITION",
        "TEST",
        "PH_D_PERSON_ADDRESS",
        "ICS_LTC_01"
    ],
    "ICB_CF_HTN_61_GP_1": [
        "JOINED_LTC_LOOKUP",
        "LTC_LCS_BASE",
        "LTC_LCS_LOOKUPTABLE",
        "QOF_PCD_REFSET",
        "HEALTH_CHECK_COMP_IN_24",
        "ICB_CF_HTN_61_BASE",
        "NCL_CODES",
        "ASTHMA_CHILD",
        "PH_D_PERSON",
        "ASTHMA_ADULT",
        "PH_F_RESULT",
        "ICB_CF_HTN_61",
        "POPHEALTH_QOF_LTCS_LIST",
        "QOF_DRUG_REFSET",
        "CERNER_MEDICATION_JOINED_TABLE",
        "NCL_MASTER_DEMOGRAPHICS",
        "PRIMIS_CODES",
        "PCD_REFSET",
        "PH_F_CONDITION",
        "TEST",
        "PH_D_PERSON_ADDRESS",
        "ICS_LTC_01"
    ],
    "ICB_CF_HTN_62_GP_2A": [
        "JOINED_LTC_LOOKUP",
        "LTC_LCS_BASE",
        "LTC_LCS_LOOKUPTABLE",
        "QOF_PCD_REFSET",
        "HEALTH_CHECK_COMP_IN_24",
        "ICB_CF_HTN_61_BASE",
        "NCL_CODES",
        "ASTHMA_CHILD",
        "PH_D_PERSON",
        "ASTHMA_ADULT",
        "PH_F_RESULT",
        "ICB_CF_HTN_61",
        "POPHEALTH_QOF_LTCS_LIST",
        "ICB_CF_HTN_61_GP_1",
        "QOF_DRUG_REFSET",
        "CERNER_MEDICATION_JOINED_TABLE",
        "NCL_MASTER_DEMOGRAPHICS",
        "PRIMIS_CODES",
        "PCD_REFSET",
        "PH_F_CONDITION",
        "TEST",
        "PH_D_PERSON_ADDRESS",
        "ICS_LTC_01"
    ],
    "ICB_CF_CVD_63_BASE": [
        "JOINED_LTC_LOOKUP",
        "LTC_LCS_BASE",
        "LTC_LCS_LOOKUPTABLE",
        "QOF_PCD_REFSET",
        "NCL_CODES",
        "ASTHMA_CHILD",
        "PH_D_PERSON",
        "ASTHMA_ADULT",
        "PH_F_RESULT",
        "POPHEALTH_QOF_LTCS_LIST",
        "CERNER_MEDICATION_JOINED_TABLE",
        "QOF_DRUG_REFSET",
        "NCL_MASTER_DEMOGRAPHICS",
        "PRIMIS_CODES",
        "PCD_REFSET",
        "PH_F_CONDITION",
        "TEST",
        "PH_D_PERSON_ADDRESS",
        "ICS_LTC_01"
    ],
    "ICB_CF_CVD_64": [
        "JOINED_LTC_LOOKUP",
        "LTC_LCS_BASE",
        "LTC_LCS_LOOKUPTABLE",
        "QOF_PCD_REFSET",
        "ICB_CF_CVD_63_BASE",
        "NCL_CODES",
        "ASTHMA_CHILD",
        "ICB_CF_CVD_63",
        "PH_D_PERSON",
        "ASTHMA_ADULT",
        "PH_F_RESULT",
        "POPHEALTH_QOF_LTCS_LIST",
        "CERNER_MEDICATION_JOINED_TABLE",
        "QOF_DRUG_REFSET",
        "NCL_MASTER_DEMOGRAPHICS",
        "PRIMIS_CODES",
        "PCD_REFSET",
        "PH_F_CONDITION",
        "TEST",
        "PH_D_PERSON_ADDRESS",
        "ICS_LTC_01"
    ],
    "ICB_CF_DM_64": [
        "JOINED_LTC_LOOKUP",
        "LTC_LCS_BASE",
        "LTC_LCS_LOOKUPTABLE",
        "QOF_PCD_REFSET",
        "HEALTH_CHECK_COMP_IN_24",
        "NCL_CODES",
        "ASTHMA_CHILD",
        "PH_D_PERSON",
        "ASTHMA_ADULT",
        "POPHEALTH_QOF_LTCS_LIST",
        "PH_F_RESULT",
        "CERNER_MEDICATION_JOINED_TABLE",
        "QOF_DRUG_REFSET",
        "NCL_MASTER_DEMOGRAPHICS",
        "PRIMIS_CODES",
        "PCD_REFSET",
        "PH_F_CONDITION",
        "TEST",
        "PH_D_PERSON_ADDRESS",
        "ICS_LTC_01"
    ],
    "ICB_CF_DM_66": [
        "JOINED_LTC_LOOKUP",
        "LTC_LCS_BASE",
        "LTC_LCS_LOOKUPTABLE",
        "QOF_PCD_REFSET",
        "HEALTH_CHECK_COMP_IN_24",
        "NCL_CODES",
        "ASTHMA_CHILD",
        "PH_D_PERSON",
        "ASTHMA_ADULT",
        "PH_F_RESULT",
        "POPHEALTH_QOF_LTCS_LIST",
        "CERNER_MEDICATION_JOINED_TABLE",
        "QOF_DRUG_REFSET",
        "NCL_MASTER_DEMOGRAPHICS",
        "PRIMIS_CODES",
        "PCD_REFSET",
        "PH_F_CONDITION",
        "TEST",
        "PH_D_PERSON_ADDRESS",
        "ICS_LTC_01"
    ],
    "ASTHMA_CHILD": [
        "JOINED_LTC_LOOKUP",
        "QOF_PCD_REFSET",
        "PCD_REFSET",
        "PH_F_CONDITION",
        "PH_F_RESULT",
        "CERNER_MEDICATION_JOINED_TABLE",
        "QOF_DRUG_REFSET",
        "LTC_LCS_LOOKUPTABLE",
        "TEST",
        "NCL_MASTER_DEMOGRAPHICS",
        "PRIMIS_CODES"
    ],
    "ICB_CF_HTN_63_GP_2B": [
        "JOINED_LTC_LOOKUP",
        "LTC_LCS_BASE",
        "LTC_LCS_LOOKUPTABLE",
        "QOF_PCD_REFSET",
        "PH_F_QUESTIONNAIRE_ANSWER",
        "ICB_CF_HTN_62_GP_2A",
        "HEALTH_CHECK_COMP_IN_24",
        "ICB_CF_HTN_61_BASE",
        "NCL_CODES",
        "ASTHMA_CHILD",
        "PH_D_PERSON",
        "ASTHMA_ADULT",
        "PH_F_RESULT",
        "ICB_CF_HTN_61",
        "ICB_CF_HTN_61_GP_1",
        "QOF_DRUG_REFSET",
        "POPHEALTH_QOF_LTCS_LIST",
        "CERNER_MEDICATION_JOINED_TABLE",
        "NCL_MASTER_DEMOGRAPHICS",
        "PRIMIS_CODES",
        "PCD_REFSET",
        "PH_F_CONDITION",
        "TEST",
        "PH_D_PERSON_ADDRESS",
        "ICS_LTC_01"
    ],
    "ICB_CF_AF_62": [
        "JOINED_LTC_LOOKUP",
        "LTC_LCS_BASE",
        "LTC_LCS_LOOKUPTABLE",
        "QOF_PCD_REFSET",
        "PH_F_PROCEDURE",
        "HEALTH_CHECK_COMP_IN_24",
        "NCL_CODES",
        "ASTHMA_CHILD",
        "PH_D_PERSON",
        "ASTHMA_ADULT",
        "PH_F_RESULT",
        "POPHEALTH_QOF_LTCS_LIST",
        "CERNER_MEDICATION_JOINED_TABLE",
        "QOF_DRUG_REFSET",
        "NCL_MASTER_DEMOGRAPHICS",
        "PRIMIS_CODES",
        "PCD_REFSET",
        "PH_F_CONDITION",
        "TEST",
        "PH_D_PERSON_ADDRESS",
        "ICS_LTC_01"
    ],
    "ICB_CF_CYP_AST_61": [
        "JOINED_LTC_LOOKUP",
        "LTC_LCS_BASE",
        "LTC_LCS_LOOKUPTABLE",
        "QOF_PCD_REFSET",
        "ASTHMA_CHILD",
        "PH_D_PERSON",
        "ASTHMA_ADULT",
        "PH_F_RESULT",
        "CERNER_MEDICATION_JOINED_TABLE",
        "POPHEALTH_QOF_LTCS_LIST",
        "QOF_DRUG_REFSET",
        "LTC_LCS_VARIABLES",
        "NCL_MASTER_DEMOGRAPHICS",
        "PRIMIS_CODES",
        "PCD_REFSET",
        "PH_F_CONDITION",
        "TEST",
        "PH_D_PERSON_ADDRESS",
        "ICS_LTC_01"
    ],
    "PATIENTS_ON_LTC_REGISTERS": [
        "PH_D_PERSON",
        "PH_D_PERSON_ADDRESS",
        "POPHEALTH_QOF_LTCS_LIST",
        "LTC_LCS_BASE",
        "NCL_MASTER_DEMOGRAPHICS"
    ],
    "LTCS_LCS_RIGHTCARE_CF_QOF": [
        "ICB_CF_DM_65",
        "ICB_CF_CKD_62",
        "ICB_CF_DM_62",
        "JOINED_LTC_LOOKUP",
        "ICB_CF_CYP_AST_61",
        "LTC_LCS_BASE",
        "LTC_LCS_LOOKUPTABLE",
        "ICB_CF_DM_61",
        "ICB_CF_CKD_64_BASE",
        "PH_F_QUESTIONNAIRE_QUESTION",
        "ICB_CF_CVD_61_BASE",
        "ICB_LTC_CF_",
        "QOF_PCD_REFSET",
        "ICB_NHS_HEALTH_CHECK_FLAG",
        "ICB_CF_CVD_63_BASE",
        "ICB_CF_HTN_62_GP_2A",
        "ICB_CF_CKD_61",
        "PH_F_PROCEDURE",
        "PH_F_QUESTIONNAIRE_ANSWER",
        "ICB_CF_CVD_65",
        "HEALTH_CHECK_COMP_IN_24",
        "CHRONIC_KIDNEY_DISEASE",
        "NCL_CODES",
        "ICB_CF_HTN_61_BASE",
        "ASTHMA_CHILD",
        "ICB_CF_CKD_64",
        "ICB_CF_CVD_63",
        "ICB_LTC_CF_INDICATORS",
        "ICB_CF_HTN_65_GP_3A",
        "PH_D_PERSON",
        "POPHEALTH_LTCS_LIST",
        "ASTHMA_ADULT",
        "ICB_CF_CVD_64",
        "LTC_QRISK",
        "ICB_CF_CVD_62",
        "POPHEALTH_QOF_LTCS_LIST",
        "PH_F_RESULT",
        "CERNER_MEDICATION_JOINED_TABLE",
        "ICB_CF_HTN_61",
        "QOF_DRUG_REFSET",
        "ICB_CF_HTN_61_GP_1",
        "ICB_CF_HTN_63_GP_2B",
        "ICB_CF_CVD_66",
        "LTC_LCS_VARIABLES",
        "ICB_CF_CKD_63",
        "NCL_MASTER_DEMOGRAPHICS",
        "PRIMIS_CODES",
        "ICB_CF_HTN_66_GP_3B",
        "ICB_CF_DM_63",
        "ICB_CF_CVD_66_BASE",
        "ICB_CF_AF_61",
        "ICB_CF_CVD_61",
        "ICB_CF_AF_62",
        "PCD_REFSET",
        "PH_F_CONDITION",
        "ICB_CF_DM_66",
        "LTC_LCS_RIGHT_CARE_PCNS",
        "PCN_MAPPINGS_RIGHTCARE",
        "POPHEALTH_QOF_LTCS_SUMMARY",
        "TEST",
        "PH_D_PERSON_ADDRESS",
        "ICS_LTC_01",
        "ICB_CF_DM_64"
    ],
    "ICB_NHS_HEALTH_CHECK_FLAG": [
        "JOINED_LTC_LOOKUP",
        "PH_D_PERSON",
        "QOF_PCD_REFSET",
        "PCD_REFSET",
        "PH_D_PERSON_ADDRESS",
        "PH_F_CONDITION",
        "PH_F_PROCEDURE",
        "POPHEALTH_QOF_LTCS_LIST",
        "CERNER_MEDICATION_JOINED_TABLE",
        "QOF_DRUG_REFSET",
        "LTC_LCS_LOOKUPTABLE",
        "LTC_LCS_BASE",
        "NCL_MASTER_DEMOGRAPHICS",
        "PRIMIS_CODES"
    ],
    "ICB_CF_CVD_66_BASE": [
        "JOINED_LTC_LOOKUP",
        "LTC_LCS_BASE",
        "LTC_LCS_LOOKUPTABLE",
        "QOF_PCD_REFSET",
        "HEALTH_CHECK_COMP_IN_24",
        "NCL_CODES",
        "ASTHMA_CHILD",
        "PH_D_PERSON",
        "ASTHMA_ADULT",
        "POPHEALTH_QOF_LTCS_LIST",
        "CERNER_MEDICATION_JOINED_TABLE",
        "PH_F_RESULT",
        "QOF_DRUG_REFSET",
        "NCL_MASTER_DEMOGRAPHICS",
        "PRIMIS_CODES",
        "PCD_REFSET",
        "PH_F_CONDITION",
        "TEST",
        "PH_D_PERSON_ADDRESS",
        "ICS_LTC_01"
    ],
    "ICB_CF_HTN_65_GP_3A": [
        "JOINED_LTC_LOOKUP",
        "LTC_LCS_BASE",
        "LTC_LCS_LOOKUPTABLE",
        "PH_F_QUESTIONNAIRE_QUESTION",
        "QOF_PCD_REFSET",
        "PH_F_QUESTIONNAIRE_ANSWER",
        "ICB_CF_HTN_62_GP_2A",
        "HEALTH_CHECK_COMP_IN_24",
        "ICB_CF_HTN_61_BASE",
        "NCL_CODES",
        "ASTHMA_CHILD",
        "PH_D_PERSON",
        "ASTHMA_ADULT",
        "PH_F_RESULT",
        "ICB_CF_HTN_61",
        "POPHEALTH_QOF_LTCS_LIST",
        "ICB_CF_HTN_61_GP_1",
        "QOF_DRUG_REFSET",
        "CERNER_MEDICATION_JOINED_TABLE",
        "ICB_CF_HTN_63_GP_2B",
        "NCL_MASTER_DEMOGRAPHICS",
        "PRIMIS_CODES",
        "PCD_REFSET",
        "PH_F_CONDITION",
        "TEST",
        "PH_D_PERSON_ADDRESS",
        "ICS_LTC_01"
    ],
    "ICB_CF_HTN_66_GP_3B": [
        "JOINED_LTC_LOOKUP",
        "LTC_LCS_LOOKUPTABLE",
        "PH_F_QUESTIONNAIRE_QUESTION",
        "QOF_PCD_REFSET",
        "PH_F_QUESTIONNAIRE_ANSWER",
        "ICB_CF_HTN_62_GP_2A",
        "HEALTH_CHECK_COMP_IN_24",
        "ICB_CF_HTN_61_BASE",
        "NCL_CODES",
        "ASTHMA_CHILD",
        "ICB_CF_HTN_65_GP_3A",
        "PH_D_PERSON",
        "ASTHMA_ADULT",
        "PH_F_RESULT",
        "ICB_CF_HTN_61",
        "POPHEALTH_QOF_LTCS_LIST",
        "ICB_CF_HTN_61_GP_1",
        "QOF_DRUG_REFSET",
        "CERNER_MEDICATION_JOINED_TABLE",
        "ICB_CF_HTN_63_GP_2B",
        "NCL_MASTER_DEMOGRAPHICS",
        "PRIMIS_CODES",
        "PCD_REFSET",
        "PH_D_PERSON_ADDRESS",
        "PH_F_CONDITION",
        "TEST",
        "LTC_LCS_BASE",
        "ICS_LTC_01"
    ]
}